Actions,WIID,Description,Type,Status,Date,250255,Calculate Client Security Hash,WI5,Open,2019-07-14
,640865,Calculate Client Security Hash,WI5,Open,2018-10-06
,777215,Calculate Client Security Hash,WI5,Open,2017-07-07
,105885,Calculate Client Security Hash,WI5,Open,2018-07-31
,700245,Calculate Client Security Hash,WI5,Open,2018-01-16
,738545,Calculate Client Security Hash,WI5,Open,2019-02-15
,344445,Calculate Client Security Hash,WI5,Open,2017-03-04
,362905,Calculate Client Security Hash,WI5,Open,2019-07-27
,994565,Calculate Client Security Hash,WI5,Open,2017-05-31
,540455,Calculate Client Security Hash,WI5,Open,2017-05-09
,887305,Calculate Client Security Hash,WI5,Open,2018-10-30
,653715,Calculate Client Security Hash,WI5,Open,2017-01-06
,260445,Calculate Client Security Hash,WI5,Open,2017-08-29
,250255,Calculate Client Security Hash,WI5,Open,2019-07-14
,640865,Calculate Client Security Hash,WI5,Open,2018-10-06
,777215,Calculate Client Security Hash,WI5,Open,2017-07-07
,105885,Calculate Client Security Hash,WI5,Open,2018-07-31
,700245,Calculate Client Security Hash,WI5,Open,2018-01-16
,738545,Calculate Client Security Hash,WI5,Open,2019-02-15
,344445,Calculate Client Security Hash,WI5,Open,2017-03-04
,362905,Calculate Client Security Hash,WI5,Open,2019-07-27
,994565,Calculate Client Security Hash,WI5,Open,2017-05-31
,540455,Calculate Client Security Hash,WI5,Open,2017-05-09
,887305,Calculate Client Security Hash,WI5,Open,2018-10-30
,653715,Calculate Client Security Hash,WI5,Open,2017-01-06
,260445,Calculate Client Security Hash,WI5,Open,2017-08-29
